Nome do Produto,Preço
Tênis Adidas Feminino Casual Superstar Slip On,"R$ 195,99"
Tênis Asics Masculino Corrida Gel Nimbus 23,"R$ 799,90"
Tênis Nike Masculino Casual Downshifter 11,"R$ 189,99"
Tênis Adidas Feminino Corrida Runfalcon 2.0,"R$ 180,99"
Tênis Olympikus Feminino Academia Ultraleve,"R$ 118,99"
Tênis Asics Masculino Casual Gel Excite 8,"R$ 199,99"
Tênis Nike Feminino Corrida Flex Experience RN 9,"R$ 179,99"
Tênis Nike Feminino Corrida Revolution 5,"R$ 209,99"
Tênis Converse Masculino Casual All Star Cano Alto,"R$ 128,61"
Tênis Olympikus Masculino Academia Dynamic,"R$ 152,99"
Tênis Nike Masculino Casual Air Max Infinity 2,"R$ 349,99"
Tênis Nike Feminino Corrida Downshifter 11,"R$ 199,99"
Tênis Vans Unissex Skate Old Skool,"R$ 109,91"
Tênis Olympikus Masculino Corrida Cristal,"R$ 163,70"
Tênis Asics Masculino Corrida GT-1000 9,"R$ 426,79"
Tênis Nike Masculino Corrida Revolution 5,"R$ 256,83"
Tênis Nike Masculino Skate Sb Check Solar,"R$ 299,90"
Tênis Puma Masculino Casual Flyer Runner,"R$ 186,99"
Tênis Asics Feminino Corrida Gel Excite 8,"R$ 209,99"
Tênis Vans Feminino Casual UltraRange Rapidweld,"R$ 150,66"
Tênis Olympikus Candy  Corrida - Caminhada,"R$ 109,19"
Tênis Converse All Star Unissex Casual CT AS Core Ox,"R$ 109,90"
Tênis Nike Masculino Casual Air Force 1 '07,"R$ 699,99"
Tênis Puma Feminino Casual Flyer Runner,"R$ 199,99"
Tênis Adidas Masculino Academia Coreracer,"R$ 169,99"
Tênis Olympikus Masculino Corrida Pride 2,"R$ 135,99"
Tênis Nike Masculino Casual Air Max Excee,"R$ 349,93"
Tênis Mizuno Masculino Corrida Wave Creation 22,"R$ 682,49"
Tênis Nike Masculino Corrida Air Max 97,"R$ 629,99"
Tênis Adidas Feminino Casual Advantage Base Feminino,"R$ 200,19"
Tênis Mizuno Masculino Corrida Action,"R$ 172,80"
Tênis Converse All Star Unissex Casual Chuck Taylor,"R$ 123,33"
Tênis Asics Feminino Corrida Gel Nimbus 21,"R$ 439,99"
Tênis Nike Masculino Corrida Air Zoom Pegasus 38,"R$ 609,99"
Tênis Puma Masculino Casual Smash V2,"R$ 219,90"
Tênis Adidas Masculino Corrida Runfalcon,"R$ 199,99"
